mean_fit_time,std_fit_time,mean_score_time,std_score_time,param_clf__C,param_clf__class_weight,param_feats__tfidf__ngram_range,params,split0_test_score,split1_test_score,split2_test_score,split3_test_score,split4_test_score,mean_test_score,std_test_score,rank_test_score
0.07221980094909668,0.002307601722301996,0.010926008224487305,0.0002564799320165223,1.0,,"(1, 1)","{'clf__C': 1, 'clf__class_weight': None, 'feats__tfidf__ngram_range': (1, 1)}",0.8375262054507338,0.817934057556699,0.7947863730472426,0.834375,0.7842957880693731,0.8137834848248098,0.02114411998529823,1
0.07305746078491211,0.0021466480110997003,0.012836742401123046,0.00292411668735358,1.0,balanced,"(1, 1)","{'clf__C': 1, 'clf__class_weight': 'balanced', 'feats__tfidf__ngram_range': (1, 1)}",0.8375643224699828,0.8181627596721937,0.7945605119518163,0.8342225609756098,0.7843339050886221,0.8137688120316449,0.021162521009808023,2
0.15843620300292968,0.00960198529858803,0.016245555877685548,0.0004657377028136248,1.0,balanced,"(1, 2)","{'clf__C': 1, 'clf__class_weight': 'balanced', 'feats__tfidf__ngram_range': (1, 2)}",0.8339813226605679,0.8148846960167715,0.7979107848673067,0.8364329268292683,0.7817800647989326,0.8129979590345695,0.02095346647168523,3
0.14746270179748536,0.005994725015664962,0.016387224197387695,0.0006748146664222591,1.0,,"(1, 2)","{'clf__C': 1, 'clf__class_weight': None, 'feats__tfidf__ngram_range': (1, 2)}",0.8338288545835715,0.8141985896702878,0.7979860718991154,0.8362804878048781,0.7819706498951782,0.8128529307706062,0.020810523160407716,4
0.2015395164489746,0.009030356696962356,0.016341447830200195,0.0002720479059736895,10.0,balanced,"(1, 2)","{'clf__C': 10, 'clf__class_weight': 'balanced', 'feats__tfidf__ngram_range': (1, 2)}",0.8237278444825615,0.8154564513055079,0.7887257669866365,0.8256478658536585,0.7961882980750905,0.809949245340691,0.01487565461385205,5
0.20038700103759766,0.00901089495769219,0.017305421829223632,0.0012180382112138976,10.0,,"(1, 2)","{'clf__C': 10, 'clf__class_weight': None, 'feats__tfidf__ngram_range': (1, 2)}",0.8235753764055651,0.8148846960167715,0.7894786373047242,0.8255335365853659,0.7962264150943396,0.8099397322813532,0.014562016794475113,6
0.11128883361816407,0.005051386005582634,0.01166996955871582,0.00048187698135889037,10.0,,"(1, 1)","{'clf__C': 10, 'clf__class_weight': None, 'feats__tfidf__ngram_range': (1, 1)}",0.8292929292929292,0.8162950257289879,0.7894786373047242,0.812423780487805,0.791118734514961,0.8077218214658813,0.015293117455277975,7
0.11082568168640136,0.004248864075311145,0.011013984680175781,0.0002833238635397563,10.0,balanced,"(1, 1)","{'clf__C': 10, 'clf__class_weight': 'balanced', 'feats__tfidf__ngram_range': (1, 1)}",0.8296740994854203,0.8161044406327426,0.789064558629776,0.8123094512195121,0.791118734514961,0.8076542568964824,0.015472235062073677,8
0.05523548126220703,0.0018797723265771423,0.011441993713378906,0.0009126774992502385,0.1,balanced,"(1, 1)","{'clf__C': 0.1, 'clf__class_weight': 'balanced', 'feats__tfidf__ngram_range': (1, 1)}",0.8328378120830952,0.7773394320564131,0.7735930735930737,0.8227515243902439,0.742443300933867,0.7897930286113386,0.033462346447958195,9
0.05631756782531738,0.007275254612192236,0.011519384384155274,0.0006519593497500226,0.1,,"(1, 1)","{'clf__C': 0.1, 'clf__class_weight': None, 'feats__tfidf__ngram_range': (1, 1)}",0.8328759291023441,0.7771488469601676,0.7737060041407867,0.8222560975609755,0.7424814179531161,0.789693659143478,0.03336763095549406,10
0.14046406745910645,0.010569108167667103,0.017148494720458984,0.00107735235133652,0.1,,"(1, 2)","{'clf__C': 0.1, 'clf__class_weight': None, 'feats__tfidf__ngram_range': (1, 2)}",0.8302839717934057,0.7731846769582619,0.7725014116318464,0.8224847560975609,0.7414141414141414,0.7879737915790432,0.03348752453599784,11
0.1394667625427246,0.01104488622164981,0.017581701278686523,0.0010931592470743907,0.1,balanced,"(1, 2)","{'clf__C': 0.1, 'clf__class_weight': 'balanced', 'feats__tfidf__ngram_range': (1, 2)}",0.8303220888126549,0.7731084429197638,0.7726896292113682,0.8223704268292683,0.7411854392986468,0.7879352054143404,0.03352680560333982,12
